Firstname,Lastname,Department,Hired,
Christian,Luft,RD,01.01.2017,
Ursula,Konig,HR,01.10.2000,
Karin,Fiedler,Sales,01.01.1998,
Johanna,Koertig,TI,01.05.2015,
Robert,Becker,PL,01.08.1988,
Leonie,Grunewald,PLM,01.12.1999,
Martin,Schmitz,HC,01.03.2000,
Erik,Gloeckner,RD,01.01.2017,
Tim,Brandt,HR,01.10.2000,
Sophia,Wirth,Sales,01.01.1998,
Andreas,Hueber,TI,01.05.2015,
Max,Bach,PL,01.08.1988,
Maximilian,Trommler,PLM,01.12.1999,
Tom,Schmidt,HC,01.03.2000,
Dieter,Schroeder,RD,01.01.2017,
Nadine,Kunze,HR,01.10.2000,
Laura,Sankt,Sales,01.01.1998,
Wolfgang,Mauer,TI,01.05.2015,
Mathias,Peters,PL,01.08.1988,
Markus,Friedman,PLM,01.12.1999,
Ursula,Mahler,HC,01.03.2000,
Lisa,Gottschalk,RD,01.01.2017,
Simone,Weissmuller,HR,01.10.2000,
Diana,Kaiser,Sales,01.01.1998,
Sarah,Fuchs,TI,01.05.2015,
Sandra,Ebersbach,PL,01.08.1988,
Luca,Foerster,PLM,01.12.1999,
Leon,Zimmerman,HC,01.03.2000,
Ute,Schweizer,RD,01.01.2017,
Kristian,Sanger,HR,01.10.2000,
Wolfgang,Wulf,Sales,01.01.1998,
Katja,Wirth,TI,01.05.2015,
Sandra,Scherer,PL,01.08.1988,
Brigitte,Duerr,PLM,01.12.1999,
Jan,Roth,HC,01.03.2000,
Nicole,Neustadt,RD,01.01.2017,
Anna,Ebersbach,HR,01.10.2000,
Dirk,Hertzog,Sales,01.01.1998,
Mike,Baecker,TI,01.05.2015,
Bernd,Beckenbauer,PL,01.08.1988,
Bernd,Gerber,PLM,01.12.1999,
Silke,Hoffmann,HC,01.03.2000,
Anne,Baader,RD,01.01.2017,
Felix,Schroder,HR,01.10.2000,
Patrick,Bürger,Sales,01.01.1998,
Uta,Werfel,TI,01.05.2015,
Ralph,Burger,PL,01.08.1988,
Maria,Junker,PLM,01.12.1999,
Sara,Saenger,HC,01.03.2000,
Sara,Saenger,RD,01.01.2017,
Sven,Egger,HR,01.10.2000,
Philipp,Eisenhower,Sales,01.01.1998,
Karolin,Walter,TI,01.05.2015,
Dirk,Fisher,PL,01.08.1988,
Lisa,Lang,PLM,01.12.1999,
Daniel,Bohm,HC,01.03.2000,
Erik,Roth,RD,01.01.2017,
Leon,Gerste,HR,01.10.2000,
Susanne,Krause,Sales,01.01.1998,
Kristian,Decker,TI,01.05.2015,
Ulrich,Schweizer,PL,01.08.1988,
Sarah,Fried,PLM,01.12.1999,
Diana,Weissmuller,HC,01.03.2000,
Katja,Durr,RD,01.01.2017,
Brigitte,Richter,HR,01.10.2000,
Leonie,Freeh,Sales,01.01.1998,
Swen,Hueber,TI,01.05.2015,
Yvonne,Fuerst,PL,01.08.1988,
Diana,Saenger,PLM,01.12.1999,
Jörg,Wirth,HC,01.03.2000,
Karin,Baecker,RD,01.01.2017,
Katrin,Strauss,HR,01.10.2000,
Frank,Schiffer,Sales,01.01.1998,
Uta,Schmitt,TI,01.05.2015,
Sarah,Schwab,PL,01.08.1988,
Florian,Konig,PLM,01.12.1999,
Felix,Unger,HC,01.03.2000,
Michael,Eisenberg,RD,01.01.2017,
Lisa,Reiniger,HR,01.10.2000,
Anne,Koertig,Sales,01.01.1998,
Katja,Köhler,TI,01.05.2015,
Ulrike,Zimmermann,PL,01.08.1988,
Felix,Ostermann,PLM,01.12.1999,
Birgit,Keller,HC,01.03.2000,
Ulrike,Fischer,RD,01.01.2017,
Steffen,Eisenhower,HR,01.10.2000,
Ralf,Baecker,Sales,01.01.1998,
Stefanie,Winkel,TI,01.05.2015,
Stephanie,Koehler,PL,01.08.1988,
Marco,Berg,PLM,01.12.1999,
Barbara,Baum,HC,01.03.2000,
Markus,Boehm,RD,01.01.2017,
Katharina,Jaeger,HR,01.10.2000,
Antje,Beike,Sales,01.01.1998,
Tanja,Propst,TI,01.05.2015,
Lucas,Klug,PL,01.08.1988,
Marco,Fuhrmann,PLM,01.12.1999,
Ralph,Moeller,HC,01.03.2000,
Janina,Eisenhower,RD,01.01.2017,
Melanie,Schröder,HR,01.10.2000,
Andreas,Lowe,Sales,01.01.1998,
Katja,Kappel,TI,01.05.2015,
Martina,Reinhard,PL,01.08.1988,
Dieter,Beich,PLM,01.12.1999,
Katja,Freeh,HC,01.03.2000,
Maik,Ritter,RD,01.01.2017,
Manuela,Drescher,HR,01.10.2000,
Stefanie,Diederich,Sales,01.01.1998,
Nicole,Faber,TI,01.05.2015,
Angelika,Becker,PL,01.08.1988,
Laura,Baum,PLM,01.12.1999,
Kevin,Fuchs,HC,01.03.2000,
Christin,Dreher,RD,01.01.2017,
David,Schroder,HR,01.10.2000,
Lisa,Bader,Sales,01.01.1998,
Torsten,Neumann,TI,01.05.2015,
Franziska,Fassbinder,PL,01.08.1988,
Angelika,Finkel,PLM,01.12.1999,
Uwe,Foerster,HC,01.03.2000,
Uta,Papst,RD,01.01.2017,
Brigitte,Gerste,HR,01.10.2000,
Klaus,Pfeiffer,Sales,01.01.1998,
Yvonne,Bohm,TI,01.05.2015,
Jessica,Urner,PL,01.08.1988,
Michael,Weber,PLM,01.12.1999,
Ulrich,Boehm,HC,01.03.2000,
Jennifer,Boehm,RD,01.01.2017,
Martina,Wannemaker,HR,01.10.2000,
Sabrina,Ebersbach,Sales,01.01.1998,
Robert,Nacht,TI,01.05.2015,
Marko,Eiffel,PL,01.08.1988,
Michelle,Drechsler,PLM,01.12.1999,
Florian,Freytag,HC,01.03.2000,
Johanna,Schröder,RD,01.01.2017,
Nicole,Kortig,HR,01.10.2000,
Marko,Traugott,Sales,01.01.1998,
Franziska,Theissen,TI,01.05.2015,
David,Bohm,PL,01.08.1988,
Ursula,Lehrer,PLM,01.12.1999,
Anja,Waechter,HC,01.03.2000,
Anke,Bach,RD,01.01.2017,
Katrin,Freud,HR,01.10.2000,
Sandra,Moeller,Sales,01.01.1998,
Benjamin,Abendroth,TI,01.05.2015,
Michelle,Schreiber,PL,01.08.1988,
Mandy,Schmid,PLM,01.12.1999,
Antje,Pfeffer,HC,01.03.2000,
Martin,Weber,RD,01.01.2017,
Dirk,Busch,HR,01.10.2000,
Marina,Kuhn,Sales,01.01.1998,
Jessica,Beich,TI,01.05.2015,
Stephan,Barth,PL,01.08.1988,
Sandra,Schäfer,PLM,01.12.1999,
Mario,Hertzog,HC,01.03.2000,
Vanessa,Lehrer,RD,01.01.2017,
Sebastian,Schulz,HR,01.10.2000,
Nicole,Dreher,Sales,01.01.1998,
Frank,Kohler,TI,01.05.2015,
Julia,Durr,PL,01.08.1988,
Swen,Frankfurter,PLM,01.12.1999,
Ulrike,Herman,HC,01.03.2000,
Kerstin,Blau,RD,01.01.2017,
Max,Nussbaum,HR,01.10.2000,
Sebastian,Wannemaker,Sales,01.01.1998,
Mike,Metzger,TI,01.05.2015,
Marko,Ebersbacher,PL,01.08.1988,
Janina,Keller,PLM,01.12.1999,
Sebastian,Ackermann,HC,01.03.2000,
Jana,Gloeckner,RD,01.01.2017,
Peter,Baumgartner,HR,01.10.2000,
Michael,Gottlieb,Sales,01.01.1998,
Andreas,Foerster,TI,01.05.2015,
Jessika,Lowe,PL,01.08.1988,
Sabrina,Lowe,PLM,01.12.1999,
Andreas,Schulze,HC,01.03.2000,
Christina,Himmel,RD,01.01.2017,
Marina,Reinhard,HR,01.10.2000,
Silke,Ritter,Sales,01.01.1998,
Frank,Berg,TI,01.05.2015,
Nicole,Schmid,PL,01.08.1988,
Andreas,Walter,PLM,01.12.1999,
Kristian,Wexler,HC,01.03.2000,
Leah,Eichel,RD,01.01.2017,
Thomas,Waechter,HR,01.10.2000,
Daniel,Theissen,Sales,01.01.1998,
Sven,Schäfer,TI,01.05.2015,
Marina,Amsel,PL,01.08.1988,
Florian,Drescher,PLM,01.12.1999,
Philipp,Brandt,HC,01.03.2000,
Ursula,Naumann,RD,01.01.2017,
Kristin,Hueber,HR,01.10.2000,
Jörg,Baier,Sales,01.01.1998,
Tim,Kortig,TI,01.05.2015,
Mathias,Brauer,PL,01.08.1988,
Lea,Kohler,PLM,01.12.1999,
Stefanie,Weisz,HC,01.03.2000,
Marcel,Egger,RD,01.01.2017,
Ulrike,Hoch,HR,01.10.2000,
Jan,Schwab,Sales,01.01.1998,
Angelika,Kaiser,TI,01.05.2015,
René,Meister,PL,01.08.1988,
Kerstin,Koenig,PLM,01.12.1999,
Stephan,Schweitzer,HC,01.03.2000,
Sven,Kohler,RD,01.01.2017,
Kerstin,Bader,HR,01.10.2000,
Brigitte,Fleischer,Sales,01.01.1998,
Mario,Faber,TI,01.05.2015,
Swen,Kaestner,PL,01.08.1988,
Matthias,Meier,PLM,01.12.1999,
Markus,Weissmuller,HC,01.03.2000,
Dieter,Baum,RD,01.01.2017,
Klaus,Koenig,HR,01.10.2000,
Niklas,Seiler,Sales,01.01.1998,
Anja,Schweitzer,TI,01.05.2015,
Kathrin,Herrmann,PL,01.08.1988,
Julia,Urner,PLM,01.12.1999,
Stephanie,Berg,HC,01.03.2000,
Tim,Adler,RD,01.01.2017,
Christin,Gärtner,HR,01.10.2000,
Erik,Becker,Sales,01.01.1998,
Monika,Eichmann,TI,01.05.2015,
Sophie,Ackerman,PL,01.08.1988,
Martina,Pabst,PLM,01.12.1999,
Jürgen,Hoover,HC,01.03.2000,
Ralph,Mehler,RD,01.01.2017,
Uwe,Fried,HR,01.10.2000,
Stefan,Schultz,Sales,01.01.1998,
Anna,Bürger,TI,01.05.2015,
Johanna,Oster,PL,01.08.1988,
Peter,Berg,PLM,01.12.1999,
Sarah,Schreiber,HC,01.03.2000,
Sophie,Wurfel,RD,01.01.2017,
Andreas,Diederich,HR,01.10.2000,
Luca,Freitag,Sales,01.01.1998,
Michelle,Propst,TI,01.05.2015,
Dominik,Moench,PL,01.08.1988,
Mario,Eisenhauer,PLM,01.12.1999,
Lena,Drescher,HC,01.03.2000,
Bernd,Neumann,RD,01.01.2017,
Kristin,Schweitzer,HR,01.10.2000,
Dominik,Freeh,Sales,01.01.1998,
Luca,Schroeder,TI,01.05.2015,
Angelika,Weiss,PL,01.08.1988,
Michelle,Austerlitz,PLM,01.12.1999,
Markus,Koertig,HC,01.03.2000,
Anne,Fisher,RD,01.01.2017,
Paul,Koehler,HR,01.10.2000,
Nicole,Hoover,Sales,01.01.1998,
Anke,Burger,TI,01.05.2015,
Michael,Köhler,PL,01.08.1988,
Matthias,Hoover,PLM,01.12.1999,
David,Probst,HC,01.03.2000,
Leah,Jager,RD,01.01.2017,
Sabine,Rothstein,HR,01.10.2000,
Kathrin,Reiniger,Sales,01.01.1998,
Philipp,Zimmer,TI,01.05.2015,
Maik,Kastner,PL,01.08.1988,
Dirk,Fuerst,PLM,01.12.1999,
Marko,Fleischer,HC,01.03.2000,
Tom,Beich,RD,01.01.2017,
Phillipp,Mehler,HR,01.10.2000,
Klaus,Theiss,Sales,01.01.1998,
Sara,Lemann,TI,01.05.2015,
Silke,Muller,PL,01.08.1988,
Sarah,Freud,PLM,01.12.1999,
Yvonne,Hirsch,HC,01.03.2000,
Anja,Herz,RD,01.01.2017,
Maik,Gerste,HR,01.10.2000,
Philipp,Kastner,Sales,01.01.1998,
Jörg,Thalberg,TI,01.05.2015,
Heike,Eichel,PL,01.08.1988,
Jessika,Baier,PLM,01.12.1999,
Katharina,Junker,HC,01.03.2000,
Lucas,Blau,RD,01.01.2017,
Manuela,Scherer,HR,01.10.2000,
Tobias,Unger,Sales,01.01.1998,
Frank,Schneider,TI,01.05.2015,
Maximilian,Eiffel,PL,01.08.1988,
Klaudia,Vogt,PLM,01.12.1999,
Klaudia,Ostermann,HC,01.03.2000,
Martin,Traugott,RD,01.01.2017,
Angelika,Schwab,HR,01.10.2000,
Markus,Klein,Sales,01.01.1998,
Lucas,Glockner,TI,01.05.2015,
Martin,Kalb,PL,01.08.1988,
Marcel,Boehm,PLM,01.12.1999,
Felix,Saenger,HC,01.03.2000,
Markus,Baumgaertner,RD,01.01.2017,
Ralf,Eisenberg,HR,01.10.2000,
Stephanie,Friedmann,Sales,01.01.1998,
Jennifer,Bayer,TI,01.05.2015,
Christina,Kruger,PL,01.08.1988,
Michelle,Schmitz,PLM,01.12.1999,
Lea,Kruger,HC,01.03.2000,
Klaus,Hertz,RD,01.01.2017,
Thorsten,Gaertner,HR,01.10.2000,
Matthias,Schröder,Sales,01.01.1998,
Felix,Frey,TI,01.05.2015,
Jürgen,Schaefer,PL,01.08.1988,
Jennifer,Schiffer,PLM,01.12.1999,
Dominik,Fuhrmann,HC,01.03.2000,
Anna,Eggers,RD,01.01.2017,
Kristin,Rothstein,HR,01.10.2000,
Lena,Friedman,Sales,01.01.1998,
Steffen,Müller,TI,01.05.2015,
Patrick,Eisenhauer,PL,01.08.1988,
Maik,Ebersbacher,PLM,01.12.1999,
Brigitte,Kaiser,HC,01.03.2000,
Sara,Freytag,RD,01.01.2017,
Niklas,Eiffel,HR,01.10.2000,
Katharina,Becker,Sales,01.01.1998,
Ute,Aachen,TI,01.05.2015,
Dirk,Fuchs,PL,01.08.1988,
Uwe,Friedmann,PLM,01.12.1999,
Birgit,Maur,HC,01.03.2000,
Stephan,Mehler,RD,01.01.2017,
Andreas,Eiffel,HR,01.10.2000,
Janina,Bergmann,Sales,01.01.1998,
Sandra,Schreiber,TI,01.05.2015,
Birgit,Fried,PL,01.08.1988,
Jan,Eisenberg,PLM,01.12.1999,
Kerstin,Boehm,HC,01.03.2000,
Kathrin,Gärtner,RD,01.01.2017,
Marko,Freud,HR,01.10.2000,
Tom,Friedmann,Sales,01.01.1998,
Jörg,Huber,TI,01.05.2015,
Marina,Frei,PL,01.08.1988,
Jens,Werfel,PLM,01.12.1999,
Sebastian,Pfaff,HC,01.03.2000,
Katja,Reiniger,RD,01.01.2017,
René,Eiffel,HR,01.10.2000,
Bernd,Pfeffer,Sales,01.01.1998,
Ines,Weissmuller,TI,01.05.2015,
Katrin,Neudorf,PL,01.08.1988,
Leah,Nadel,PLM,01.12.1999,
Anja,Köhler,HC,01.03.2000,
Jonas,Jager,RD,01.01.2017,
Marko,Schuhmacher,HR,01.10.2000,
Vanessa,Theiss,Sales,01.01.1998,
Ralf,Faerber,TI,01.05.2015,
Dominik,Grunwald,PL,01.08.1988,
Stefan,Fenstermacher,PLM,01.12.1999,
Markus,Meister,HC,01.03.2000,
Uta,Pfeffer,RD,01.01.2017,
Daniel,Frueh,HR,01.10.2000,
Kerstin,Busch,Sales,01.01.1998,
Christine,Rothstein,TI,01.05.2015,
Stefanie,Reinhardt,PL,01.08.1988,
Kerstin,Kuhn,PLM,01.12.1999,
Jörg,Holtzmann,HC,01.03.2000,
Ralph,Baumgaertner,RD,01.01.2017,
Christin,Gerber,HR,01.10.2000,
Steffen,Möller,Sales,01.01.1998,
Christian,Himmel,TI,01.05.2015,
Ines,Weisz,PL,01.08.1988,
Katharina,Zimmer,PLM,01.12.1999,
Thomas,Scherer,HC,01.03.2000,
Sabine,Frankfurter,RD,01.01.2017,
Kristian,Daecher,HR,01.10.2000,
Marcel,Baer,Sales,01.01.1998,
Christian,Wexler,TI,01.05.2015,
Peter,Hahn,PL,01.08.1988,
Jan,Kalb,PLM,01.12.1999,
Doreen,Ebersbacher,HC,01.03.2000,
Lea,Theiss,RD,01.01.2017,
Phillipp,Neudorf,HR,01.10.2000,
Jürgen,Kaufmann,Sales,01.01.1998,
Birgit,Kuefer,TI,01.05.2015,
Tanja,Kluge,PL,01.08.1988,
Ines,Seiler,PLM,01.12.1999,
Leonie,Vogt,HC,01.03.2000,
Christine,Theissen,RD,01.01.2017,
Klaudia,Lehmann,HR,01.10.2000,
Leon,Krause,Sales,01.01.1998,
Uwe,Baier,TI,01.05.2015,
Kathrin,Gottlieb,PL,01.08.1988,
Mike,Beike,PLM,01.12.1999,
Jonas,Nacht,HC,01.03.2000,
Tobias,Fleischer,RD,01.01.2017,
Sabine,Goldschmidt,HR,01.10.2000,
Felix,Schneider,Sales,01.01.1998,
Phillipp,Thalberg,TI,01.05.2015,
Sophie,Lange,PL,01.08.1988,
Uta,Pfeifer,PLM,01.12.1999,
Ralf,Beike,HC,01.03.2000,
Heike,Probst,RD,01.01.2017,
Sabine,Frei,HR,01.10.2000,
Alexander,Pfeifer,Sales,01.01.1998,
Steffen,Brandt,TI,01.05.2015,
Karolin,Schweitzer,PL,01.08.1988,
Martin,Werfel,PLM,01.12.1999,
Julia,Vogel,HC,01.03.2000,
Sandra,Bumgarner,RD,01.01.2017,
Jennifer,Eisenhower,HR,01.10.2000,
Sabine,Schröder,Sales,01.01.1998,
Thorsten,Busch,TI,01.05.2015,
Tobias,Wulf,PL,01.08.1988,
Robert,Kuester,PLM,01.12.1999,
Lucas,Gottlieb,HC,01.03.2000,
Klaudia,Faust,RD,01.01.2017,
Jens,Maur,HR,01.10.2000,
Michael,Friedmann,Sales,01.01.1998,
Ralf,Lehmann,TI,01.05.2015,
Heike,Lemann,PL,01.08.1988,
Birgit,Hertzog,PLM,01.12.1999,
Wolfgang,Beckenbauer,HC,01.03.2000,
David,Kluge,RD,01.01.2017,
Ute,Daecher,HR,01.10.2000,
Paul,Kohler,Sales,01.01.1998,
Frank,Saenger,TI,01.05.2015,
Eric,Sanger,PL,01.08.1988,
Tim,Werner,PLM,01.12.1999,
Daniela,Schweizer,HC,01.03.2000,
Niklas,Waechter,RD,01.01.2017,
Phillipp,Urner,HR,01.10.2000,
Markus,Bayer,Sales,01.01.1998,
Jonas,Bosch,TI,01.05.2015,
Klaus,Busch,PL,01.08.1988,
Ulrich,Rothstein,PLM,01.12.1999,
Manuela,Lang,HC,01.03.2000,
Paul,Schulz,RD,01.01.2017,
Dennis,Rothschild,HR,01.10.2000,
Patrick,Schulze,Sales,01.01.1998,
Anna,Weissmuller,TI,01.05.2015,
Matthias,Neustadt,PL,01.08.1988,
Max,Bürger,PLM,01.12.1999,
Ulrich,Wirth,HC,01.03.2000,
Anja,Kaiser,RD,01.01.2017,
Tobias,Biermann,HR,01.10.2000,
Frank,Schmitz,Sales,01.01.1998,
Christian,Frey,TI,01.05.2015,
Jennifer,Scherer,PL,01.08.1988,
Frank,Maur,PLM,01.12.1999,
Janina,Ackermann,HC,01.03.2000,
Swen,Lehrer,RD,01.01.2017,
Petra,Mueller,HR,01.10.2000,
Klaudia,Kuefer,Sales,01.01.1998,
Marko,Foerster,TI,01.05.2015,
Tanja,Muller,PL,01.08.1988,
Sara,Sommer,PLM,01.12.1999,
Alexander,Frei,HC,01.03.2000,
Michael,Kaufmann,RD,01.01.2017,
Leonie,Neudorf,HR,01.10.2000,
Peter,Fuchs,Sales,01.01.1998,
Klaus,Baer,TI,01.05.2015,
Laura,Faber,PL,01.08.1988,
Kristin,Hartmann,PLM,01.12.1999,
Patrick,Schmidt,HC,01.03.2000,
Tim,Duerr,RD,01.01.2017,
Laura,Theiss,HR,01.10.2000,
Frank,Walter,Sales,01.01.1998,
Heike,Strauss,TI,01.05.2015,
Jonas,Lehmann,PL,01.08.1988,
Laura,Schwartz,PLM,01.12.1999,
Marco,Fuhrmann,HC,01.03.2000,
Silke,Schwartz,RD,01.01.2017,
Anna,Muench,HR,01.10.2000,
Nicole,Cole,Sales,01.01.1998,
Tanja,Baumgartner,TI,01.05.2015,
René,Farber,PL,01.08.1988,
Thorsten,Neustadt,PLM,01.12.1999,
Tom,Sanger,HC,01.03.2000,
Brigitte,Eisenberg,RD,01.01.2017,
Jens,Fuhrmann,HR,01.10.2000,
Anke,Feierabend,Sales,01.01.1998,
Barbara,Bach,TI,01.05.2015,
Sophia,Keller,PL,01.08.1988,
Mario,Amsel,PLM,01.12.1999,
Doreen,Dresner,HC,01.03.2000,
Ralph,Feierabend,RD,01.01.2017,
Jörg,Oster,HR,01.10.2000,
Torsten,Freeh,Sales,01.01.1998,
Alexander,Kappel,TI,01.05.2015,
Klaus,Eisenberg,PL,01.08.1988,
Monika,Kirsch,PLM,01.12.1999,
Daniel,Schaefer,HC,01.03.2000,
Andrea,Grunwald,RD,01.01.2017,
Manuela,Kohler,HR,01.10.2000,
Gabriele,Loewe,Sales,01.01.1998,
Marina,Lange,TI,01.05.2015,
Anke,Neumann,PL,01.08.1988,
Andreas,Busch,PLM,01.12.1999,
Luca,Waechter,HC,01.03.2000,
Kevin,Thalberg,RD,01.01.2017,
Jürgen,Pfeifer,HR,01.10.2000,
Tom,Ackerman,Sales,01.01.1998,
Tanja,Kuhn,TI,01.05.2015,
Sandra,Grunewald,PL,01.08.1988,
Annett,Bürger,PLM,01.12.1999,
Angelika,Nadel,HC,01.03.2000,
Franziska,Reinhard,RD,01.01.2017,
Christin,Weisz,HR,01.10.2000,
Mandy,Busch,Sales,01.01.1998,
Anke,Baer,TI,01.05.2015,
Leon,Wexler,PL,01.08.1988,
Jana,Wannemaker,PLM,01.12.1999,
David,Waechter,HC,01.03.2000,
Julia,Roth,RD,01.01.2017,
Juliane,Keller,HR,01.10.2000,
Kathrin,Naumann,Sales,01.01.1998,
Christine,Weisz,TI,01.05.2015,
Felix,Drechsler,PL,01.08.1988,
Klaudia,Schroeder,PLM,01.12.1999,
Bernd,Kastner,HC,01.03.2000,
René,Frankfurter,RD,01.01.2017,
Christine,Schweitzer,HR,01.10.2000,
Niklas,Fisher,Sales,01.01.1998,
Mike,Schuster,TI,01.05.2015,
Matthias,Fenstermacher,PL,01.08.1988,
Lena,Friedman,PLM,01.12.1999,
Ralf,Neumann,HC,01.03.2000,
Angelika,Schwartz,RD,01.01.2017,
Alexander,Sommer,HR,01.10.2000,
Klaudia,Sanger,Sales,01.01.1998,
Ralf,Pfaff,TI,01.05.2015,
Annett,Baum,PL,01.08.1988,
Daniela,Faust,PLM,01.12.1999,
Christine,Gaertner,HC,01.03.2000,
Annett,Eichmann,RD,01.01.2017,
Karin,Himmel,HR,01.10.2000,
Stephan,Mauer,Sales,01.01.1998,
Alexander,Junker,TI,01.05.2015,
Monika,Eberhardt,PL,01.08.1988,
Michael,Scherer,PLM,01.12.1999,
Silke,Nacht,HC,01.03.2000,
Silke,Bumgarner,RD,01.01.2017,
René,Gerste,HR,01.10.2000,
Sarah,Freud,Sales,01.01.1998,
Frank,Fruehauf,TI,01.05.2015,
Martina,Shuster,PL,01.08.1988,
Christine,Schultz,PLM,01.12.1999,
Leon,Bar,HC,01.03.2000,
Petra,Drechsler,RD,01.01.2017,
Uta,Strauss,HR,01.10.2000,
Steffen,Mehler,Sales,01.01.1998,
Michelle,Trommler,TI,01.05.2015,
Leonie,Frueh,PL,01.08.1988,
Petra,Krueger,PLM,01.12.1999,
Ute,Gloeckner,HC,01.03.2000,
Jana,Fenstermacher,RD,01.01.2017,
Jonas,Beike,HR,01.10.2000,
Sven,Richter,Sales,01.01.1998,
Sarah,Gruenewald,TI,01.05.2015,
Erik,Bachmeier,PL,01.08.1988,
Simone,Hoover,PLM,01.12.1999,
Erik,Rothschild,HC,01.03.2000,
Sebastian,Meier,RD,01.01.2017,
Thomas,Grunwald,HR,01.10.2000,
Sophie,Fuerst,Sales,01.01.1998,
Heike,Theiss,TI,01.05.2015,
Sandra,Trommler,PL,01.08.1988,
Franziska,Shuster,PLM,01.12.1999,
Tom,Loewe,HC,01.03.2000,
Christin,Bach,RD,01.01.2017,
Sebastian,Freeh,HR,01.10.2000,
Marcel,Schröder,Sales,01.01.1998,
Antje,Schroder,TI,01.05.2015,
Franziska,Gersten,PL,01.08.1988,
Tim,Bayer,PLM,01.12.1999,
Jessika,König,HC,01.03.2000,
Silke,Schuster,RD,01.01.2017,
Stephanie,Nussbaum,HR,01.10.2000,
Robert,Hahn,Sales,01.01.1998,
Doreen,Scherer,TI,01.05.2015,
Melanie,Abendroth,PL,01.08.1988,
Tom,Sanger,PLM,01.12.1999,
Matthias,Bachmeier,HC,01.03.2000,
Marcel,Biermann,RD,01.01.2017,
Steffen,Scholz,HR,01.10.2000,
Martina,Fuerst,Sales,01.01.1998,
Thomas,Gerste,TI,01.05.2015,
Lisa,Fried,PL,01.08.1988,
Thomas,Farber,PLM,01.12.1999,
Lisa,Vogel,HC,01.03.2000,
Sarah,Herz,RD,01.01.2017,
Claudia,Loewe,HR,01.10.2000,
Torsten,Himmel,Sales,01.01.1998,
Sabrina,Wechsler,TI,01.05.2015,
Klaus,Reiniger,PL,01.08.1988,
Brigitte,Abt,PLM,01.12.1999,
Matthias,Moench,HC,01.03.2000,
Robert,Fuhrmann,RD,01.01.2017,
Lucas,Brauer,HR,01.10.2000,
Mandy,Pfeiffer,Sales,01.01.1998,
Anna,Wexler,TI,01.05.2015,
Sebastian,Mehler,PL,01.08.1988,
Karin,Freeh,PLM,01.12.1999,
Sophie,Boehm,HC,01.03.2000,
Sandra,Wechsler,RD,01.01.2017,
Diana,Naumann,HR,01.10.2000,
Erik,Reiniger,Sales,01.01.1998,
René,Brauer,TI,01.05.2015,
Nadine,Faber,PL,01.08.1988,
Sabrina,Diederich,PLM,01.12.1999,
Stefanie,Schuhmacher,HC,01.03.2000,
Brigitte,Amsel,RD,01.01.2017,
Matthias,Ostermann,HR,01.10.2000,
Alexander,Freud,Sales,01.01.1998,
Diana,Koenig,TI,01.05.2015,
Thomas,Eberhardt,PL,01.08.1988,
Patrick,Blau,PLM,01.12.1999,
Diana,Wannemaker,HC,01.03.2000,
Anna,Burger,RD,01.01.2017,
Gabriele,Schulze,HR,01.10.2000,
Leah,Beckenbauer,Sales,01.01.1998,
Marco,Gerste,TI,01.05.2015,
René,Lemann,PL,01.08.1988,
Mario,Keller,PLM,01.12.1999,
Marco,Bumgarner,HC,01.03.2000,
Birgit,Bader,RD,01.01.2017,
Lucas,Meyer,HR,01.10.2000,
Kristian,Koch,Sales,01.01.1998,
Sarah,Zweig,TI,01.05.2015,
Janina,Mauer,PL,01.08.1988,
Jan,Ziegler,PLM,01.12.1999,
Klaus,Fuhrmann,HC,01.03.2000,
Katja,Achen,RD,01.01.2017,
Birgit,Maurer,HR,01.10.2000,
Melanie,Urner,Sales,01.01.1998,
Anja,Himmel,TI,01.05.2015,
Brigitte,Loewe,PL,01.08.1988,
Nadine,Himmel,PLM,01.12.1999,
Kristin,Fischer,HC,01.03.2000,
Ralph,Kruger,RD,01.01.2017,
Anke,Jager,HR,01.10.2000,
Kristin,Gerber,Sales,01.01.1998,
Maik,Hahn,TI,01.05.2015,
Jonas,Mauer,PL,01.08.1988,
Leah,Schultheiss,PLM,01.12.1999,
Sara,Fenstermacher,HC,01.03.2000,
Anke,Faerber,RD,01.01.2017,
Mike,Fassbinder,HR,01.10.2000,
Jessica,Kohler,Sales,01.01.1998,
Andreas,Konig,TI,01.05.2015,
Dennis,Koertig,PL,01.08.1988,
Annett,Baer,PLM,01.12.1999,
Uwe,Sanger,HC,01.03.2000,
Sandra,Kaufmann,RD,01.01.2017,
Klaus,Schuhmacher,HR,01.10.2000,
René,Abendroth,Sales,01.01.1998,
Karolin,Durr,TI,01.05.2015,
Lena,Nadel,PL,01.08.1988,
Sara,Meier,PLM,01.12.1999,
Sven,Gottschalk,HC,01.03.2000,
Sabine,Papst,RD,01.01.2017,
Jonas,Vogt,HR,01.10.2000,
Maximilian,Gaertner,Sales,01.01.1998,
Mathias,Fried,TI,01.05.2015,
Ute,Abend,PL,01.08.1988,
Alexander,Schultheiss,PLM,01.12.1999,
Martina,Kohl,HC,01.03.2000,
Karolin,Kaestner,RD,01.01.2017,
Dirk,Schmitz,HR,01.10.2000,
Dieter,Sommer,Sales,01.01.1998,
Mandy,Krüger,TI,01.05.2015,
Mike,Sankt,PL,01.08.1988,
Leah,Krause,PLM,01.12.1999,
Sven,Klug,HC,01.03.2000,
Claudia,Nagel,RD,01.01.2017,
Sophie,Schreiner,HR,01.10.2000,
Anja,Maurer,Sales,01.01.1998,
Petra,Sanger,TI,01.05.2015,
Angelika,Jaeger,PL,01.08.1988,
Ralf,Engel,PLM,01.12.1999,
Yvonne,Ritter,HC,01.03.2000,
Andrea,Faust,RD,01.01.2017,
Janina,Schwartz,HR,01.10.2000,
Karin,Werner,Sales,01.01.1998,
Anne,Walter,TI,01.05.2015,
Katrin,Schneider,PL,01.08.1988,
Brigitte,Metzger,PLM,01.12.1999,
Alexander,Fassbinder,HC,01.03.2000,
Jan,Wulf,RD,01.01.2017,
Ulrich,Kaestner,HR,01.10.2000,
Angelika,Goldschmidt,Sales,01.01.1998,
Dirk,Ebersbach,TI,01.05.2015,
Niklas,Saenger,PL,01.08.1988,
Dennis,Konig,PLM,01.12.1999,
Lisa,Ackerman,HC,01.03.2000,
René,Nadel,RD,01.01.2017,
Manuela,Vogel,HR,01.10.2000,
Frank,Eichelberger,Sales,01.01.1998,
Lucas,Schmidt,TI,01.05.2015,
Michelle,Zimmerman,PL,01.08.1988,
Uwe,Schroder,PLM,01.12.1999,
Jennifer,Faust,HC,01.03.2000,
Michelle,Feierabend,RD,01.01.2017,
Kerstin,Hofmann,HR,01.10.2000,
Ulrich,Mauer,Sales,01.01.1998,
Maria,Reinhard,TI,01.05.2015,
Philipp,Trommler,PL,01.08.1988,
Paul,Zimmer,PLM,01.12.1999,
Ulrike,Zimmer,HC,01.03.2000,
Florian,Rothstein,RD,01.01.2017,
Kathrin,Wurfel,HR,01.10.2000,
Angelika,Ackerman,Sales,01.01.1998,
Doreen,Farber,TI,01.05.2015,
Tom,Baum,PL,01.08.1988,
Kerstin,Kirsch,PLM,01.12.1999,
Maik,Kirsch,HC,01.03.2000,
Matthias,Baer,RD,01.01.2017,
Leah,Frey,HR,01.10.2000,
Barbara,Sanger,Sales,01.01.1998,
Stefan,Weiß,TI,01.05.2015,
Birgit,Vogt,PL,01.08.1988,
Daniel,Waechter,PLM,01.12.1999,
Angelika,Nagel,HC,01.03.2000,
Tim,Strauss,RD,01.01.2017,
Christin,Ehrlichmann,HR,01.10.2000,
Christin,Krause,Sales,01.01.1998,
Annett,Fink,TI,01.05.2015,
Peter,Reinhard,PL,01.08.1988,
Peter,Müller,PLM,01.12.1999,
Martina,Fenstermacher,HC,01.03.2000,
Petra,Engel,RD,01.01.2017,
Stefan,Winkel,HR,01.10.2000,
Kevin,Seiler,Sales,01.01.1998,
Maria,Winkel,TI,01.05.2015,
Sophia,Bieber,PL,01.08.1988,
Birgit,Schroeder,PLM,01.12.1999,
Janina,Herman,HC,01.03.2000,
Bernd,Lemann,RD,01.01.2017,
Lukas,Schmid,HR,01.10.2000,
Patrick,Ehrlichmann,Sales,01.01.1998,
Sophie,Kaufmann,TI,01.05.2015,
Marie,Schmid,PL,01.08.1988,
Daniela,Bieber,PLM,01.12.1999,
Thorsten,Ziegler,HC,01.03.2000,
Sophie,Baumgartner,RD,01.01.2017,
Johanna,Schwab,HR,01.10.2000,
Michelle,Frankfurter,Sales,01.01.1998,
Manuela,Pfeiffer,TI,01.05.2015,
Marko,Gruenewald,PL,01.08.1988,
Maximilian,Baumgaertner,PLM,01.12.1999,
Kristian,Kaestner,HC,01.03.2000,
Stefanie,Fried,RD,01.01.2017,
Stephanie,Aachen,HR,01.10.2000,
Uta,Hahn,Sales,01.01.1998,
Andrea,Achen,TI,01.05.2015,
Jana,Schwartz,PL,01.08.1988,
Nadine,Glockner,PLM,01.12.1999,
Thomas,Bachmeier,HC,01.03.2000,
Wolfgang,Abend,RD,01.01.2017,
Paul,Fiedler,HR,01.10.2000,
Kathrin,Ritter,Sales,01.01.1998,
Thomas,Urner,TI,01.05.2015,
Felix,Maier,PL,01.08.1988,
Swen,Richter,PLM,01.12.1999,
Anja,Müller,HC,01.03.2000,
Anna,Braun,RD,01.01.2017,
Juliane,Schmid,HR,01.10.2000,
Nadine,Bürger,Sales,01.01.1998,
Maik,Dreher,TI,01.05.2015,
Michelle,Fink,PL,01.08.1988,
Dirk,Seiler,PLM,01.12.1999,
Benjamin,Roth,HC,01.03.2000,
Tom,Barth,RD,01.01.2017,
Ute,Meyer,HR,01.10.2000,
Annett,Frankfurter,Sales,01.01.1998,
Jens,Eggers,TI,01.05.2015,
Ralph,Amsel,PL,01.08.1988,
Diana,Schmitt,PLM,01.12.1999,
René,Vogel,HC,01.03.2000,
Marina,Scholz,RD,01.01.2017,
Anke,Reiniger,HR,01.10.2000,
Sabine,Baecker,Sales,01.01.1998,
Tanja,Maier,TI,01.05.2015,
Tom,Faber,PL,01.08.1988,
Paul,Ackermann,PLM,01.12.1999,
Leonie,Werfel,HC,01.03.2000,
Frank,Becker,RD,01.01.2017,
Erik,Friedmann,HR,01.10.2000,
Leon,Seiler,Sales,01.01.1998,
Doreen,Hoover,TI,01.05.2015,
Ines,Kuster,PL,01.08.1988,
Manuela,Hartmann,PLM,01.12.1999,
Jana,Ackerman,HC,01.03.2000,
Martina,Freud,RD,01.01.2017,
Jörg,Kastner,HR,01.10.2000,
Petra,Koch,Sales,01.01.1998,
Mario,Wannemaker,TI,01.05.2015,
Alexander,Amsel,PL,01.08.1988,
Diana,Wannemaker,PLM,01.12.1999,
Bernd,Dresner,HC,01.03.2000,
Anne,Koenig,RD,01.01.2017,
Christin,Eiffel,HR,01.10.2000,
Mike,Reiniger,Sales,01.01.1998,
Alexander,Faust,TI,01.05.2015,
Leon,Ehrlichmann,PL,01.08.1988,
Nicole,Keller,PLM,01.12.1999,
Tobias,Wagner,HC,01.03.2000,
Christin,Braun,RD,01.01.2017,
Phillipp,Farber,HR,01.10.2000,
Katrin,Schreiber,Sales,01.01.1998,
Sophie,Weissmuller,TI,01.05.2015,
Melanie,Eberhart,PL,01.08.1988,
Diana,Ebersbach,PLM,01.12.1999,
Lisa,Weiss,HC,01.03.2000,
Luca,Walter,RD,01.01.2017,
Ralf,König,HR,01.10.2000,
Martina,Urner,Sales,01.01.1998,
Jana,Dreher,TI,01.05.2015,
Patrick,Naumann,PL,01.08.1988,
Frank,Fuhrmann,PLM,01.12.1999,
Karin,Freitag,HC,01.03.2000,
Melanie,Traugott,RD,01.01.2017,
Yvonne,Wirth,HR,01.10.2000,
Lisa,Theissen,Sales,01.01.1998,
Maximilian,Drechsler,TI,01.05.2015,
Martin,Schroder,PL,01.08.1988,
Christina,Meyer,PLM,01.12.1999,
Sophia,Maier,HC,01.03.2000,
Sabine,Oster,RD,01.01.2017,
Dennis,Frankfurter,HR,01.10.2000,
Kristian,Fischer,Sales,01.01.1998,
Sophie,Nacht,TI,01.05.2015,
Angelika,Huber,PL,01.08.1988,
Tanja,Schmid,PLM,01.12.1999,
Marko,Nadel,HC,01.03.2000,
Jan,Pfeifer,RD,01.01.2017,
Martin,Hertzog,HR,01.10.2000,
Jessika,Hartmann,Sales,01.01.1998,
Ralph,Koertig,TI,01.05.2015,
Ralf,Loewe,PL,01.08.1988,
Anke,Baer,PLM,01.12.1999,
Anne,Ziegler,HC,01.03.2000,
Mario,Meister,RD,01.01.2017,
Manuela,Himmel,HR,01.10.2000,
Angelika,Metzger,Sales,01.01.1998,
René,Bosch,TI,01.05.2015,
Marina,Hoffmann,PL,01.08.1988,
Klaudia,Huber,PLM,01.12.1999,
Patrick,Mehler,HC,01.03.2000,
Anna,Schmitz,RD,01.01.2017,
Philipp,Freitag,HR,01.10.2000,
Christian,Schneider,Sales,01.01.1998,
Lukas,Pfeffer,TI,01.05.2015,
Daniel,Konig,PL,01.08.1988,
Phillipp,Schweizer,PLM,01.12.1999,
Mario,Eisenhauer,HC,01.03.2000,
Kristin,Freitag,RD,01.01.2017,
Anna,Hertzog,HR,01.10.2000,
Eric,Achen,Sales,01.01.1998,
Stefan,Schroeder,TI,01.05.2015,
Philipp,Schaefer,PL,01.08.1988,
Johanna,Werner,PLM,01.12.1999,
Katrin,Beckenbauer,HC,01.03.2000,
Niklas,Lemann,RD,01.01.2017,
Maik,Roth,HR,01.10.2000,
Sarah,Ostermann,Sales,01.01.1998,
Benjamin,Beyer,TI,01.05.2015,
Sarah,Baader,PL,01.08.1988,
Lucas,Urner,PLM,01.12.1999,
Anja,Brandt,HC,01.03.2000,
Max,Berg,RD,01.01.2017,
Ulrich,Klug,HR,01.10.2000,
Kathrin,Gerste,Sales,01.01.1998,
Anne,Gersten,TI,01.05.2015,
Stefan,Luft,PL,01.08.1988,
Thorsten,Freytag,PLM,01.12.1999,
Torsten,Freitag,HC,01.03.2000,
Markus,Lehrer,RD,01.01.2017,
David,Fried,HR,01.10.2000,
Kristin,Hueber,Sales,01.01.1998,
Michelle,Friedmann,TI,01.05.2015,
Vanessa,Gottschalk,PL,01.08.1988,
Jonas,Junker,PLM,01.12.1999,
Kevin,Beich,HC,01.03.2000,
Jessica,Busch,RD,01.01.2017,
Mike,Moench,HR,01.10.2000,
Frank,Lange,Sales,01.01.1998,
Daniel,Ritter,TI,01.05.2015,
Kristian,Herz,PL,01.08.1988,
Bernd,Freud,PLM,01.12.1999,
Klaudia,Kaufmann,HC,01.03.2000,
Florian,Kaufmann,RD,01.01.2017,
Sara,Meyer,HR,01.10.2000,
Eric,Decker,Sales,01.01.1998,
Tom,Kappel,TI,01.05.2015,
Martina,Freeh,PL,01.08.1988,
Karin,Wagner,PLM,01.12.1999,
Klaus,Papst,HC,01.03.2000,
Katrin,Mayer,RD,01.01.2017,
Lea,Boehm,HR,01.10.2000,
Bernd,Farber,Sales,01.01.1998,
Anke,Schweizer,TI,01.05.2015,
Max,Loewe,PL,01.08.1988,
Silke,Eberhardt,PLM,01.12.1999,
Tobias,Hirsch,HC,01.03.2000,
Benjamin,Peters,RD,01.01.2017,
Erik,Krueger,HR,01.10.2000,
Uwe,Kalb,Sales,01.01.1998,
Florian,Gersten,TI,01.05.2015,
Christin,Lang,PL,01.08.1988,
Martin,Himmel,PLM,01.12.1999,
Mandy,Kuester,HC,01.03.2000,
Anke,Bachmeier,RD,01.01.2017,
Julia,Eichmann,HR,01.10.2000,
Torsten,Aachen,Sales,01.01.1998,
David,Goldschmidt,TI,01.05.2015,
Luca,Baier,PL,01.08.1988,
Benjamin,Baum,PLM,01.12.1999,
Jens,Krueger,HC,01.03.2000,
Sabrina,Fischer,RD,01.01.2017,
Sabrina,Neustadt,HR,01.10.2000,
Marie,Nacht,Sales,01.01.1998,
Daniela,Seiler,TI,01.05.2015,
Karolin,Schreiber,PL,01.08.1988,
Marina,Berg,PLM,01.12.1999,
Jana,Pfeiffer,HC,01.03.2000,
Christina,Eichmann,RD,01.01.2017,
Jens,Frueh,HR,01.10.2000,
Anne,Wulf,Sales,01.01.1998,
Monika,Huber,TI,01.05.2015,
Anne,Frueh,PL,01.08.1988,
Mike,Propst,PLM,01.12.1999,
Sophia,Fuhrmann,HC,01.03.2000,
Uta,Fiedler,RD,01.01.2017,
Max,Fenstermacher,HR,01.10.2000,
Patrick,Sanger,Sales,01.01.1998,
Uta,Koertig,TI,01.05.2015,
Marina,Wolf,PL,01.08.1988,
Marko,Herzog,PLM,01.12.1999,
Annett,Weiss,HC,01.03.2000,
Ursula,Friedman,RD,01.01.2017,
Annett,Abt,HR,01.10.2000,
Lukas,Koertig,Sales,01.01.1998,
Michael,Hartmann,TI,01.05.2015,
Dennis,Maurer,PL,01.08.1988,
Thomas,Bar,PLM,01.12.1999,
René,Schwarz,HC,01.03.2000,
Silke,Wexler,RD,01.01.2017,
Johanna,Propst,HR,01.10.2000,
Katharina,Schulz,Sales,01.01.1998,
Anne,Sommer,TI,01.05.2015,
Frank,Bieber,PL,01.08.1988,
Stephan,Neumann,PLM,01.12.1999,
Petra,Friedman,HC,01.03.2000,
Barbara,Ostermann,RD,01.01.2017,
Tim,Möller,HR,01.10.2000,
Sara,Baum,Sales,01.01.1998,
Petra,Farber,TI,01.05.2015,
Torsten,Werfel,PL,01.08.1988,
Sara,Herzog,PLM,01.12.1999,
Sophia,Gerber,HC,01.03.2000,
Tom,Krüger,RD,01.01.2017,
Dominik,Schweitzer,HR,01.10.2000,
Swen,Klug,Sales,01.01.1998,
Philipp,Naumann,TI,01.05.2015,
Maik,Hoffmann,PL,01.08.1988,
Martin,Wexler,PLM,01.12.1999,
Sven,Beich,HC,01.03.2000,
Karolin,Ziegler,RD,01.01.2017,
Tim,Koenig,HR,01.10.2000,
Barbara,Schäfer,Sales,01.01.1998,
Lukas,Theissen,TI,01.05.2015,
Max,Fuchs,PL,01.08.1988,
Marcel,Abend,PLM,01.12.1999,
Anne,Bar,HC,01.03.2000,
Daniel,Eggers,RD,01.01.2017,
Tobias,Busch,HR,01.10.2000,
Christina,Baumgaertner,Sales,01.01.1998,
Kathrin,Ebersbacher,TI,01.05.2015,
Klaus,Kluge,PL,01.08.1988,
Alexander,Wagner,PLM,01.12.1999,
Stefanie,Luft,HC,01.03.2000,
René,Ritter,RD,01.01.2017,
Sabrina,Hoffmann,HR,01.10.2000,
Janina,Ackerman,Sales,01.01.1998,
Paul,Eggers,TI,01.05.2015,
Manuela,Pabst,PL,01.08.1988,
Philipp,Gloeckner,PLM,01.12.1999,
Sabrina,Kaestner,HC,01.03.2000,
Tim,Mueller,RD,01.01.2017,
Markus,Papst,HR,01.10.2000,
Marina,Faerber,Sales,01.01.1998,
Birgit,Weiß,TI,01.05.2015,
Paul,Jung,PL,01.08.1988,
Anja,Schulze,PLM,01.12.1999,
Tom,Schreiber,HC,01.03.2000,
Mike,Wagner,RD,01.01.2017,
Dominik,Ehrlichmann,HR,01.10.2000,
Susanne,Boehm,Sales,01.01.1998,
Sophie,Muench,TI,01.05.2015,
Gabriele,Frueh,PL,01.08.1988,
Sophie,Hoch,PLM,01.12.1999,
Annett,Traugott,HC,01.03.2000,
Benjamin,Müller,RD,01.01.2017,
Christina,Glockner,HR,01.10.2000,
Markus,Fischer,Sales,01.01.1998,
Yvonne,Ebersbach,TI,01.05.2015,
Heike,Schröder,PL,01.08.1988,
Ralph,Krüger,PLM,01.12.1999,
Christina,Sankt,HC,01.03.2000,
Swen,Bauer,RD,01.01.2017,
Nicole,Huber,HR,01.10.2000,
Stephan,Braun,Sales,01.01.1998,
Sabine,Pfeffer,TI,01.05.2015,
Mandy,Klein,PL,01.08.1988,
Uwe,Brauer,PLM,01.12.1999,
